{"0":{"url":"","alt":""},"58a3f9a4":{"url":"/assets/images/check.svg","alt":""},"36558fd":{"url":"/assets/images/switch-handle.svg","alt":""},"557b94ed":{"url":"/assets/images/copy-icon.svg","alt":""},"4651d482":{"url":"/assets/images/image-placeholder-2.svg","alt":""},"3953dc31":{"url":"/assets/images/rectangle-421.svg","alt":""},"6fc771dc":{"url":"/assets/images/laptop-lid.webp","alt":""},"3e72660e":{"url":"/assets/images/rectangle-451.svg","alt":""},"i30f0a5be":{"url":"/assets/images/success_1success.webp","alt":""},"1d5d964c":{"url":"/assets/external/password-page-lock.832ca8e2c9.svg","alt":""},"-3e78cf5":{"url":"/assets/images/arrow-3.svg","alt":""},"476d3836":{"url":"/assets/images/phone-fill-1.svg","alt":""},"-267a35a2":{"url":"/assets/images/group-2365.svg","alt":"5 Star Rating"},"-54f4e27d":{"url":"/assets/images/image-223.webp","alt":"Howard Espie, a web design client"},"-4f40978":{"url":"/assets/images/ilcrcmu-large.png","alt":""},"5274cf78":{"url":"/assets/images/tbrbadgetransbackground2024.png","alt":""},"-75998a7c":{"url":"/assets/images/group-2374.webp","alt":"Chairty Website Design"},"-774e631b":{"url":"/assets/images/group-2373.webp","alt":"Business Website Design"},"5e08755e":{"url":"/assets/images/group-2369.webp","alt":"Event Website Design"},"-7c6cecf8":{"url":"/assets/images/group-2370.webp","alt":"Church Website Design"},"-7ab81459":{"url":"/assets/images/group-2371.webp","alt":"Business Website Design"},"6f83ae69":{"url":"/assets/images/phoenix-tree-counselling-01-4.webp","alt":"Counsellor Website Design"},"-314b5cf4":{"url":"/assets/images/640bc4f6d086fdf549aa4390_screenshot-2023-02-13-164848-1-1.webp","alt":"Counsellor Web Design"},"7b7efc63":{"url":"/assets/images/5ec6ea2531354945d71c5d1c_laptop-bottom.webp","alt":""},"-2fb6a467":{"url":"/assets/images/shield-check-line.svg","alt":"Website Benefit 1"},"-47f9ed02":{"url":"/assets/images/user-add-line.svg","alt":"Website Benefit 2"},"2fa8f54":{"url":"/assets/images/settings-3-line.svg","alt":"Website Benefit 3"},"5c197a98":{"url":"/assets/images/smartphone-line.svg","alt":"Website Benefit 4"},"-32665629":{"url":"/assets/images/flashlight-line.svg","alt":"Website Benefit 5"},"65cedb5a":{"url":"/assets/images/checkbox-line.svg","alt":"Website Benefit 6"},"e341d25":{"url":"/assets/images/image-6.png","alt":""},"-518b313f":{"url":"/assets/images/image-225.webp","alt":"Mike Cavilla, Rodeo President"},"-534009de":{"url":"/assets/images/image-224.webp","alt":"Nicole Jackson, Lethbridge Counsellor"},"223b73b0":{"url":"/assets/images/image-224_1.webp","alt":"Scott Cyre, Lethbridge Pastor"},"29a1540b":{"url":"/assets/images/image-229_1.webp","alt":"An easy web design process"},"17f68138":{"url":"/assets/images/check-fill.svg","alt":""},"-43a073f7":{"url":"/assets/images/phone-3028238-2526874-2.webp","alt":""},"5659257d":{"url":"/assets/images/63f53fbff54ea82937149f85_mockrocket-capture-13-1-1.webp","alt":""},"-50db8435":{"url":"/assets/images/file-copy-line.svg","alt":"click-to-copy"},"-5220b61c":{"url":"/assets/images/hampton-designs-1.png","alt":"Web design by Hampton Designs"},"-3cbca8bd":{"url":"/assets/external/placeholder.60f9b1840c.svg","alt":""},"104e5dd6":{"url":"/assets/images/screenshot-2023-02-13-164848_1screenshot-2023-02-13-164848.webp","alt":"Alberta Counsellor Website"},"-72b8cfc6":{"url":"/assets/images/image-292.png","alt":""},"-72c6e747":{"url":"/assets/images/image-291.png","alt":""},"-4ab7cec3":{"url":"/assets/images/image-229.webp","alt":"An easy web design process"}}