{"23":"#","117413":"#faq","77013115":"https://www.termsfeed.com/privacy-policy-generator/","2f":"/","4968e4e6":"http://hamptondesigns.ca/#faq","6ec07556":"/portfolio/","16bdc13e":"/contact/","-3a07d09":"/consultation/","6d874a5b":"tel:5872204730","2812ff82":"https://threebestrated.ca/web-designers-in-lethbridge-ab","-784fbf25":"https://storybrand.com/","3cc7a09b":"tel:(587)220-4730","e1caf1c":"/webflow/","-7e043789":"/terms/","-2f934417":"/privacy-policy/","9b569c5":"http://www.hamptondesigns.ca","-5781f366":"https://www.hamptondesigns.ca/#faq","-283c5b38":"https://www.termsfeed.com/live/hamptondesigns.ca","-70e6b831":"https://helpx.adobe.com/flash-player/kb/disable-local-shared-objects-flash.html#main_Where_can_I_change_the_settings_for_disabling__or_deleting_local_shared_objects_","1c000e53":"https://www.termsfeed.com/privacy-policy-generator/#faq-8","132c1309":"https://webflow.com/"}