{"78":"x","2192":"→","360652":"star","59048554":" refers to Hampton Designs, accessible from ","70599369":" We may share or transfer Your personal information in connection with, or during negotiations of, any merger, sale of Company assets, financing, or acquisition of all or a portion of Our business to another company.","71575750":"Email address","-11d4bbff":"Protected Page","-f5c4b5f":"Incorrect password. Please try again.","73837ecc":"hampton designs","2268ff":"Home","10ef6":"FAQ","-45b0dad8":"Portfolio","-64104400":"Contact","-b859039":"Get Your Quote ","1fa3c2":"Blog","1e12f2f3":"Get a Quote","-20dd1e01":"Book a Consultation","c938":"404","49a057c4":"Page not found","69f0746f":"Lost in the Matrix","-27857705":"Go to Homepage","-25e368a8":"Websites","6f94371d":"Made Simple","-382e2ead":"Affordable Lethbridge & area web design for local businesses.","4b1f48f1":"I have had the pleasure of working with Sammy on a number of projects and I'm always thrilled by his work!","-63fbd43f":"Howard Espie","-646fff5c":"Greenwood Retreat Centre","-2cdb2a37":"Trusted by a wide-range of business & organizations:","193263fb":"Nobody likes a bad ","-29bdcd0d":"website.","-7c2e19a3":"The only thing worse than no website is a bad website. Think about the last time you were on a bad website. How long did you hunt for the information you needed? What conclusions did you make about the business? ","4f6fd799":"People judge a business based on the quality of its website. Bad websites are frustrating. They make people click away & look for a competitor. A bad website will drive away customers, costing you money. ","-51e2262b":"Is your website attracting customers or driving them away?","32d61d72":"Get a new website","-51c6c605":"on-time","7cda":" & ","-eb02472":"on-budget!","8d05d7e":"A good website can convert someone who is ‘just browsing’ into a paying customer at any hour of the day.","4586debc":"Working with the right designer can save you hours of time and thousands of dollars. Not only will they build a stunning end-product, but they can guide the process to ensure your site website will communicate clearly to your customers.","-2dcfe94d":"Benefits of a High-Quality Website","20e9b7b5":"Increase your credibility","-5bf5bab":"Your site is often the first impression that customers will have of you! A poor website design can scare them away.","-5b24edc4":"Reach New People","-5fe98155":"Most people search the internet when they need something new. Make sure that you can be found!","7815cf71":"Automate Processes","6b0afee6":"A website can point people toward your business, answer questions & make sales at any hour of the day!","-62c595b2":"Phone & Desktop Design","3291ea29":"Nowadays, it's essential that a site functions on all devices. Phones, tablets & computers!","4c9f2fe2":"Fast Load Speeds","-65325c93":"A slow site can lower your rankings in Google searches and cause impatient customers to click away.","-68115be0":"Easy To Use","-16a0d53e":"My top priority is to ensure that customers can easily find the information they need on your site.","-3174fcec":"Hampton Designs ","-7dd1df2b":"is here to help!","-2903c7ff":"Hampton Designs is a ","5143aad4":"Lethbridge web design","-68e7e06b":" company created to serve you for all your website needs -Where ever you're located!","-724c4c71":"Using modern design theory, high quality photography & the principles laid out Donald Miller's ","2c59710":"Storybrand Framework","-1d8ae1f8":", Hampton Designs will build you an affordable website that connects with your users.","-54a9d686":"Finally I'd like to add that a major focus of mine is keeping in good communication throughout the entire process. To me, good communication is a basic form of respect.","-622ac8df":"Top 5 Mistakes When Building a Website","4d95dde4":"Get our FREE guide and start learning how to make sure your website is done right the first time!","770740b8":"What my ","334b8608":"clients","1047cb":" say","6eb34877":"Serving people well is my main focus. It's my belief that a company isn't successful without delighted customers.","-2ce31130":"Sammy went above and beyond the call of duty! It was all completed in record time & I am thrilled with the end product. Also, his cost for completing the website quickly was extremely competitive!!","-1f150f89":"Michael Cavilla","18f41a60":"Calgary Police Rodeo","-19a79058":"Hiring Hampton Designs was the best decision I made when I launched my company. I had 100 other things to focus on and building my site felt impossible. You should hire Sammy as your web designer TODAY!","-51f8a3ad":"Nicole Jackson","-7f53fe6f":"Black Rock Counselling","4655eca":"Sammy is willing to serve cheerfully, ask questions relentlessly, and find solutions above and beyond what was asked of him. Anyone will find great value working with a man like Sammy.","55114a0a":"Scott Cyre","-1c377839":"King of Kings Fellowship","-7a11ec15":"Web design in 3 simple steps","-25d429f1":"Does your web design project feel like a major undertaking? It can be hard to know where to begin. Hampton Designs has developed a simple process designed to save as much of your time as possible.","-4eeef256":"1 - Consult","787a4df9":"The first step is to discuss your project’s particular needs and determine an accurate quote.","-67ef0ea1":"2 - Design","-72d91020":"Once I have your go-ahead I will get to work gathering the content and designing your site. ","-e58a63":"3 - Develop","-28c8bf37":"Once the design is completed, I will build the live version of your site. With your final approval, we will launch it for the world to see!","6d5de2c2":"Your website is a valuable investment","41c0687b":"Contact us today for a no-commitment quote!","73257f9c":"Basic Web Design","-3c639102":"Included with every project","1fa1294d":"Custom Design","-4c702e51":"Fully-Responsive (Works on all devices)","31f925ab":"Custom Domain (yourbusiness.ca)","-346a1086":"Content Strategy","-7be21f1e":"Basic Google Optimization","3c94e3fe":"Basic Copywriting/Editing","-3beb10b5":"3 Opportunities for Designs/Revisions","6dafd2d8":"Extra Add-Ons","-5857e1d8":"Fully optional services","1da39db7":"Blog/CMS Functions","5ef21a60":"eCommerce","-353203f1":"Scheduling Functions","18a7a288":"Logos & Graphic Design","-400da59e":"Business Cards & Print Materials","-37036593":"Custom eMail","-3e3ca282":"Custom Animations","45da716":"Advanced Google Optimization","-432b55ce":"Advanced Copywriting/Editing","-38f29e83":"Photography","-1acaf5f3":"On-Demand Site Updates/Update Packages","16b4283c":"Google MyBusiness Profile","3993057f":"A website is a valuable asset.","-34aa6d75":"Think of the last time that you needed to buy something new. Chances are you went on the internet and looked up a few websites. How quickly did you click away when you found a poorly designed site?","9a0833a":"Need help building your website?","654e3cf2":"How much does professional quality web design cost?","-e5995c1":"Every web design project will be different. The price will vary based on the size of the project and services required. The best way to get an idea is request a no-commitment quote! Furthermore, I won't saddle you with an on-going site-maintenance package (Except hosting fees). I'll be around to support you on an as-needed basis. ","-3121c521":"How long does a project take?","-576f40c3":"Every project will vary depending on its specific needs, but I've found that the process takes around 4 weeks on average. The actual length might be slightly faster or slower than this.","36b5fda0":"Can you help with an ecommerce website or an app?","-6c08877c":"Yes! I can help build an e-commerce site. If you're looking for an app with greater functionality, it will depend on the level of technicality required.","3183cfd9":"Can't I build a site myself?","e44156":"Nowadays, the DIY approach is a definite option. In fact, I first got started in web design by building a site for my local charity using the DIY method.. However, having taken this route myself, I see a few advantages of hiring a professional:","274acd":"TIME","a594078":" - A website build will take time to plan and execute, even if you use a website builder like Squarespace or Wix. Your time is worth more than your money, and this should be taken into consideration. A professional will often complete the job faster than the time it takes to research website builders and develop your site DIY-style. Not only will your final site be up faster, but you'll be free to focus your time on other matters in the meantime.","200d":"‍","519c4cdf":"QUALITY","-1652232":" - A professional can ensure that the final product is something that you and your customers will be happy with. A website needs to do more than just look good, it needs to effectively communicate. This can be difficult to do if you're hemmed in by a template. A professional web designer marketing knowledge to your project. Later, I had to go back and redesign my first site because there were so many areas to be improved.","7a835e38":"RELATIONSHIP","-12d53b59":" - Don't underestimate the value of building a relationship with a designer! Down the road, they will be intimately acquainted with your site and will be able to answer any questions that arise!","cf99e37":"Do you only work with organizations in Lethbridge?","2de02e18":"No! While I am based out of Lethbridge, AB, I work with many clients who live hours away. Distance will only affect our project if professional photography is needed.","-ef3e689":"What are your payment terms?","-16b1271b":"I typically ask for 25% down before we begin, and 75% at the end of the project. If needed, other payment options can be negotiated.","-d6b1e34":"Do you provide support after the website is completed?","18da1b63":"Yes! Most clients come to me for support/updates on an on-demand basis, but if you would prefer a closer working arrangement I can provide that as well. If you would rather manage matters yourself, your final site will be very easy to update & edit.","-4d0631a1":"Lethbridge, AB Web Design","-c7b0640":"(587) 220-4730","-1ae6c5e4":"info@hamptondesigns.ca","-1a2819cc":"Navigation","-53d3659e":"Webflow","-7ac7b766":"Terms and Conditions","-3fbde6f6":"Privacy Policy","-2349210a":"site by: ","-4451eb0":"DON'T LEAVE ME!","24eeab":"Name","3ff5b7c":"Email","-63dc6819":"Message","1b92f490":"I accept the ","4cf5967":"Terms","5a0ea5a1":"Thank you! Your submission has been received!","-7c112e99":"Oops! Something went wrong while submitting the form.","7e85e19e":"Search results","-75764c4":"No matching results.","7f2746de":"Contact Us","446989e2":"Sammy Hampton","65cd907":"place","-59c6ced5":"Lethbridge, AB","65b3d6e":"phone","-56f54a6a":"587-220-4730","5c24b9c":"email","20046dbe":"Send us a message","-5d6c9a16":"Last updated: April 29, 2022","-7bf5d066":"This Privacy Policy describes Our policies and procedures on the collection, use and disclosure of Your information when You use the Service and tells You about Your privacy rights and how the law protects You.","-33b078e":"We use Your Personal data to provide and improve the Service. By using the Service, You agree to the collection and use of information in accordance with this Privacy Policy. This Privacy Policy has been created with the help of the ","de0b31d":"Privacy Policy Generator","2e":".","4089129f":"Interpretation and Definitions","-4d7b91d8":"Interpretation","-4a132997":"The words of which the initial letter is capitalized have meanings defined under the following conditions. The following definitions shall have the same meaning regardless of whether they appear in singular or in plural.","11071d60":"Definitions","-7290038e":"For the purposes of this Privacy Policy:","1d0c220d":"Account","-233c32b0":" means a unique account created for You to access our Service or parts of our Service.","-64202ba3":"Company","a256828":" (referred to as either \"the Company\", \"We\", \"Us\" or \"Our\" in this Agreement) refers to Hampton Designs.","-64062591":"Cookies","-765d0541":" are small files that are placed on Your computer, mobile device or any other device by a website, containing the details of Your browsing history on that website among its many uses.","-63b0108a":"Country","-363fae5b":" refers to: Alberta, Canada","79d00a76":"Device","-17f99db5":" means any device that can access the Service such as a computer, a cellphone or a digital tablet.","4eb6458a":"Personal Data","4d18a9f2":" is any information that relates to an identified or identifiable individual.","-2683a16b":"Service","-3faeb6a6":" refers to the Website.","-76277cc4":"Service Provider","63efad06":" means any natural or legal person who processes the data on behalf of the Company. It refers to third-party companies or individuals employed by the Company to facilitate the Service, to provide the Service on behalf of the Company, to perform services related to the Service or to assist the Company in analyzing how the Service is used.","a510f09":"Usage Data","-3b36b13c":" refers to data collected automatically, either generated by the use of the Service or from the Service infrastructure itself (for example, the duration of a page visit).","-53cd8785":"Website","-4d4e22d2":"hamptondesigns.ca","15bff":"You","499e040":" means the individual accessing or using the Service, or the company, or other legal entity on behalf of which such individual is accessing or using the Service, as applicable.","3b4d1c6a":"Collecting and Using Your Personal Data","-6b2ca84b":"Types of Data Collected","-195a589f":"While using Our Service, We may ask You to provide Us with certain personally identifiable information that can be used to contact or identify You. Personally identifiable information may include, but is not limited to:","28200d87":"First name and last name","-1f5cfda5":"Phone number","-22ebb64e":"Address, State, Province, ZIP/Postal code, City","13b11237":"Usage Data is collected automatically when using the Service.","3d975dae":"Usage Data may include information such as Your Device's Internet Protocol address (e.g. IP address), browser type, browser version, the pages of our Service that You visit, the time and date of Your visit, the time spent on those pages, unique device identifiers and other diagnostic data.","634c672f":"When You access the Service by or through a mobile device, We may collect certain information automatically, including, but not limited to, the type of mobile device You use, Your mobile device unique ID, the IP address of Your mobile device, Your mobile operating system, the type of mobile Internet browser You use, unique device identifiers and other diagnostic data.","50fa946e":"We may also collect information that Your browser sends whenever You visit our Service or when You access the Service by or through a mobile device.","7d8db9f9":"Tracking Technologies and Cookies","444cc91a":"We use Cookies and similar tracking technologies to track the activity on Our Service and store certain information. Tracking technologies used are beacons, tags, and scripts to collect and track information and to improve and analyze Our Service. The technologies We use may include:","-42e898dd":"Cookies or Browser Cookies.","7dea3c22":" A cookie is a small file placed on Your Device. You can instruct Your browser to refuse all Cookies or to indicate when a Cookie is being sent. However, if You do not accept Cookies, You may not be able to use some parts of our Service. Unless you have adjusted Your browser setting so that it will refuse Cookies, our Service may use Cookies.","-2762e211":"Flash Cookies.","5ef02bbc":" Certain features of our Service may use local stored objects (or Flash Cookies) to collect and store information about Your preferences or Your activity on our Service. Flash Cookies are not managed by the same browser settings as those used for Browser Cookies. For more information on how You can delete Flash Cookies, please read \"Where can I change the settings for disabling, or deleting local shared objects?\" available at ","-70e6b831":"https://helpx.adobe.com/flash-player/kb/disable-local-shared-objects-flash.html#main_Where_can_I_change_the_settings_for_disabling__or_deleting_local_shared_objects_","-45aadb15":"Web Beacons.","-11770f09":" Certain sections of our Service and our emails may contain small electronic files known as web beacons (also referred to as clear gifs, pixel tags, and single-pixel gifs) that permit the Company, for example, to count users who have visited those pages or opened an email and for other related website statistics (for example, recording the popularity of a certain section and verifying system and server integrity).","-1bf97f37":"Cookies can be \"Persistent\" or \"Session\" Cookies. Persistent Cookies remain on Your personal computer or mobile device when You go offline, while Session Cookies are deleted as soon as You close Your web browser. You can learn more about cookies here: ","-3f91bc80":"Cookies by TermsFeed Generator","54f9838b":"We use both Session and Persistent Cookies for the purposes set out below:","-5e8438a5":"Necessary / Essential Cookies","-3e06613b":"Type: Session Cookies","-5b54940c":"Administered by: Us","19e8ca43":"Purpose: These Cookies are essential to provide You with services available through the Website and to enable You to use some of its features. They help to authenticate users and prevent fraudulent use of user accounts. Without these Cookies, the services that You have asked for cannot be provided, and We only use these Cookies to provide You with those services.","3927b4c0":"Cookies Policy / Notice Acceptance Cookies","-67dc29fa":"Type: Persistent Cookies","-6bfd7cf5":"Purpose: These Cookies identify if users have accepted the use of cookies on the Website.","-2a356906":"Functionality Cookies","-4eb6fbbc":"Purpose: These Cookies allow us to remember choices You make when You use the Website, such as remembering your login details or language preference. The purpose of these Cookies is to provide You with a more personal experience and to avoid You having to re-enter your preferences every time You use the Website.","6eb1541d":"For more information about the cookies we use and your choices regarding cookies, please visit our Cookies Policy or the Cookies section of our Privacy Policy.","-64b25093":"Use of Your Personal Data","f553f4":"The Company may use Personal Data for the following purposes:","5c98e6d9":"To provide and maintain our Service","-90ad614":", including to monitor the usage of our Service.","68b2e9e4":"To manage Your Account:","-69297400":" to manage Your registration as a user of the Service. The Personal Data You provide can give You access to different functionalities of the Service that are available to You as a registered user.","-4a8b570a":"For the performance of a contract:","340d0c0d":" the development, compliance and undertaking of the purchase contract for the products, items or services You have purchased or of any other contract with Us through the Service.","-7bce6280":"To contact You:","-18b56d40":" To contact You by email, telephone calls, SMS, or other equivalent forms of electronic communication, such as a mobile application's push notifications regarding updates or informative communications related to the functionalities, products or contracted services, including the security updates, when necessary or reasonable for their implementation.","-749dc05":"To provide You","64aea405":" with news, special offers and general information about other goods, services and events which we offer that are similar to those that you have already purchased or enquired about unless You have opted not to receive such information.","-3384ee41":"To manage Your requests:","1bc05cab":" To attend and manage Your requests to Us.","8fea9bb":"For business transfers:","-2b7b563d":" We may use Your information to evaluate or conduct a merger, divestiture, restructuring, reorganization, dissolution, or other sale or transfer of some or all of Our assets, whether as a going concern or as part of bankruptcy, liquidation, or similar proceeding, in which Personal Data held by Us about our Service users is among the assets transferred.","2c2267c":"For other purposes","39dabe65":": We may use Your information for other purposes, such as data analysis, identifying usage trends, determining the effectiveness of our promotional campaigns and to evaluate and improve our Service, products, services, marketing and your experience.","150c0ee1":"We may share Your personal information in the following situations:","5dd3dfdd":"With Service Providers:","-ff622ba":" We may share Your personal information with Service Providers to monitor and analyze the use of our Service, to contact You.","-6cb13c26":"With Affiliates:","b6a1077":" We may share Your information with Our affiliates, in which case we will require those affiliates to honor this Privacy Policy. Affiliates include Our parent company and any other subsidiaries, joint venture partners or other companies that We control or that are under common control with Us.","-2e41c5f7":"With business partners:","-2dca3b0d":" We may share Your information with Our business partners to offer You certain products, services or promotions.","702b5b3c":"With other users:","32c2cc56":" when You share personal information or otherwise interact in the public areas with other users, such information may be viewed by all users and may be publicly distributed outside.","5547ce47":"With Your consent","-3fc7c426":": We may disclose Your personal information for any other purpose with Your consent.","-3c89fa3c":"Retention of Your Personal Data","-1dcf6edf":"The Company will retain Your Personal Data only for as long as is necessary for the purposes set out in this Privacy Policy. We will retain and use Your Personal Data to the extent necessary to comply with our legal obligations (for example, if we are required to retain your data to comply with applicable laws), resolve disputes, and enforce our legal agreements and policies.","2c3e199":"The Company will also retain Usage Data for internal analysis purposes. Usage Data is generally retained for a shorter period of time, except when this data is used to strengthen the security or to improve the functionality of Our Service, or We are legally obligated to retain this data for longer time periods.","-4e28d4ef":"Transfer of Your Personal Data","-c68427d":"Your information, including Personal Data, is processed at the Company's operating offices and in any other places where the parties involved in the processing are located. It means that this information may be transferred to — and maintained on — computers located outside of Your state, province, country or other governmental jurisdiction where the data protection laws may differ than those from Your jurisdiction.","6732fcf7":"Your consent to this Privacy Policy followed by Your submission of such information represents Your agreement to that transfer.","-5e236654":"The Company will take all steps reasonably necessary to ensure that Your data is treated securely and in accordance with this Privacy Policy and no transfer of Your Personal Data will take place to an organization or a country unless there are adequate controls in place including the security of Your data and other personal information.","740d0793":"Disclosure of Your Personal Data","-15d82a4b":"Business Transactions","-9686441":"If the Company is involved in a merger, acquisition or asset sale, Your Personal Data may be transferred. We will provide notice before Your Personal Data is transferred and becomes subject to a different Privacy Policy.","2831f6a2":"Law enforcement","-79ca4cd6":"Under certain circumstances, the Company may be required to disclose Your Personal Data if required to do so by law or in response to valid requests by public authorities (e.g. a court or a government agency).","24c6f1c7":"Other legal requirements","-529283cc":"The Company may disclose Your Personal Data in the good faith belief that such action is necessary to:","-29ed1266":"Comply with a legal obligation","2bb2b45d":"Protect and defend the rights or property of the Company","-78462390":"Prevent or investigate possible wrongdoing in connection with the Service","-74760ddb":"Protect the personal safety of Users of the Service or the public","286a1596":"Protect against legal liability","611f8ca6":"Security of Your Personal Data","-5007763d":"The security of Your Personal Data is important to Us, but remember that no method of transmission over the Internet, or method of electronic storage is 100% secure. While We strive to use commercially acceptable means to protect Your Personal Data, We cannot guarantee its absolute security.","377957d3":"Children's Privacy","6b906f14":"Our Service does not address anyone under the age of 13. We do not knowingly collect personally identifiable information from anyone under the age of 13. If You are a parent or guardian and You are aware that Your child has provided Us with Personal Data, please contact Us. If We become aware that We have collected Personal Data from anyone under the age of 13 without verification of parental consent, We take steps to remove that information from Our servers.","-60fce560":"If We need to rely on consent as a legal basis for processing Your information and Your country requires consent from a parent, We may require Your parent's consent before We collect and use that information.","-350ee5fa":"Links to Other Websites","69df83b0":"Our Service may contain links to other websites that are not operated by Us. If You click on a third party link, You will be directed to that third party's site. We strongly advise You to review the Privacy Policy of every site You visit.","69806c71":"We have no control over and assume no responsibility for the content, privacy policies or practices of any third party sites or services.","793f7c4":"Changes to this Privacy Policy","-56d8ec8f":"We may update Our Privacy Policy from time to time. We will notify You of any changes by posting the new Privacy Policy on this page.","-1824785a":"We will let You know via email and/or a prominent notice on Our Service, prior to the change becoming effective and update the \"Last updated\" date at the top of this Privacy Policy.","-19e4ed89":"You are advised to review this Privacy Policy periodically for any changes. Changes to this Privacy Policy are effective when they are posted on this page.","6c58319":"If you have any questions about this Privacy Policy, You can contact us:","6b738a75":"By email: info@hamptondesigns.ca","519ad5e0":"View Live Site","-4811e0e9":"Previous","-6d5fea1e":"Heading","63dd38d":"next ","3d503d2b":"No items found.","d0bee5c":"My Top 3 Past Projects","475c6858":"Take a look at some of the websites that I've built in the past here. Take note of how you view the organizations after you've visited their site!","4132989e":"View Project","-2d7957fb":"Custom Webflow Websites","7f5c91ff":"Affordable Lethbridge & area web design","65aa993c":"Having a website shouldn’t be a headache.","-36eaee12":"Are you done fighting with your website? Depending on how your site is build you may be dealing with lots of code, crashing plugins and out-of-date software. Managing a website shouldn’t be this difficult!","-791c0385":"Or perhaps you’re paying top dollar to an agency so they they can ‘manage’ your website. Unless you’ve requested a monthly service for your site, your fees should only be hundreds per year, not per month.","-486dc047":"Benefits of a Webflow Website","-291c2551":"Your website is often the first impression that customers will have of you! A poor website design can scare them away.","-4ce9d982":"A website can point people towards your business, answer question & make sales at any hour of the day!","6670f61b":"Nowadays, it's essential that a website functions on all devices. Phones, tablets & computers!","222d40db":"A slow site can lower your rankings in Google search and cause impatient customers to click away.","235afc5":"Webflow is easy for anyone to learn or use! You'll have the power to make minor edits to your site.","43bf13a0":"Have a website you'll love.","-78acf7fb":"Set yourself free from the burden of high monthly fees and long-wait times for small changes to your site! Your website should be an easy-to-use tool to grow your business. ","4eedb084":" (A website building/editing program) can make that happen!","7ae8380":"Stop the hassle, stop the headache, stop the frustration! Hire ","-64b13174":"Hampton Designs","197fb95f":" to build a new site, or migrate your old one today!","5395e01":"Book a Consultation ","-5d7a125":"Serving people well is my main focus. It's my belief that a company isn't truly successful without delighted customers.","-6162c223":"Sammy is very knowledgeable in copywriting and helped me navigate through options that suited my needs and helped to keep costs down as well. I highly recommend him, you will be as thrilled as I am!","-48d509a7":"Jennifer Lyall","40a010ba":"Phoenix Tree Counselling","-1e5f6e88":"Sammy is by far one of the best freelancers I've ever worked with! Capable of design, photography and copy at a professional level. Fast response times, fair prices and speedy timelines... What more can I say?","4d81d632":"Tate van de Bennet","3bd6eb07":"Gravitate","430c262d":"Sammy is willing to serve cheerfully, ask questions relentlessly, and find solutions above and beyond what was asked of him. I would recommend anyone would find great value working with a man like Sammy.","-14c26383":"Webflow design in 3 simple steps","-3c1462b3":"Webflow websites are simple to plan, simple to edit and simple to use. Take a look at the 3 step journey to see how easy it can be!","5f75c9f5":"The first step is to schedule a meeting where we can discuss your project’s particular needs and determine an accurate quote.","3e5c1840":"Once I have your go-ahead I will get to work gathering the content and designing your site.","-6a7f47be":"Your website is an investment","7c6cdc85":"Every ","1e87b80a":"web design","151069fd":" project is different. They can range from $2,000-$10,000. However, ","38836a44":"most projects fall within the $2,500 - $5,000 thousand dollar range","-6afe3813":". Once the site is built, the annual fees will only be approximately $300/year.","1f060480":"Included with every website","5a3e508":"check","-77eb520c":"Fully-Responsive Website (Works on all devices)","-10eccb43":"Communication Strategy","-7933654a":"Book a Consult","4dde41b4":"Scheduling","-61fbf24b":"Social Media Set-Up","2ab218d1":"Want a Webflow website?"}